{"cameraMode":{"drawMode":0,"name":"Shaded","section":"Shading Mode"},"sceneLighting":true,"audioPlay":false,"sceneViewState":{"showFog":true,"showMaterialUpdate":false,"showSkybox":true,"showFlares":true,"showImageEffects":true,"showParticleSystems":true},"in2DMode":false,"pivot":{"x":6.654989242553711,"y":4.4063310623168949,"z":1.1312766075134278},"rotation":{"x":-0.005614047404378653,"y":0.994387149810791,"z":-0.07652927190065384,"w":-0.07291819900274277},"size":2.3222248554229738,"orthographic":false}